site_id,path_id,floor,n_points,path_length_m,wifi_mae_m,wifi_error_sum_m,floor_accuracy,pred_to_grid_mae_m,train_floor_count,train_path_count,train_waypoint_density,feature_source,model_kind,path_length_bucket,waypoint_density_bucket
5d27099f03f801723c32511d,5dce818894e4900006125129,F3,3,13.266254158651773,14.590769468208975,43.772308404626926,1.0,4.560628500730457,5,130,0.02924044185853169,cache_reconstructed,trained,low,high
5da138754db8ce0c98bca82f,5dd0e5dd878f3300066c7644,F1,20,156.6812861615417,10.24871655211599,204.9743310423198,1.0,3.008927038459426,4,204,0.009646125119458815,cache_reconstructed,trained,high,low
5da1383b4db8ce0c98bc11ab,5dd374ae44333f00067aa196,F1,31,263.42235383134073,8.84907853476602,274.32143457774663,1.0,2.513967936052681,3,238,0.009543689295913088,cache_reconstructed,trained,high,low
5da138364db8ce0c98bc00f1,5dce63105516ad00065f0280,F3,3,15.119274743578266,3.640422116325069,10.921266348975207,1.0,2.4727679635071316,3,81,0.014184335889517771,cache_reconstructed,trained,medium,medium
5da138274db8ce0c98bbd3d2,5dc65d451cda3700060305be,F1,2,6.489313246168648,2.8780991640995754,5.756198328199151,1.0,1.9605190392048564,3,212,0.014541770205716599,cache_reconstructed,trained,low,high
