site_id,path_id,n_points,grid_dist_mean_m,grid_dist_p90_m,wifi_err_sum_m,beam_err_sum_m
5d27099f03f801723c32511d,5dce817e5516ad00065f0399,2,1.4912351516802864,1.9224256253110261,6.340004840357114,3.383323836101297
5da138274db8ce0c98bbd3d2,5dc65d4c1cda3700060305cc,3,3.9074279764533286,5.744223040426048,33.23485591804971,37.41052938805328
5da138364db8ce0c98bc00f1,5daeafdbe415cd00066292ad,4,6.199984621860147,10.253421373778979,11.55258621125563,16.855071948599686
5da1383b4db8ce0c98bc11ab,5dd39e9b27889b0006b76c82,12,5.811868920900142,8.136660160071083,133.6354471670968,182.4143226773737
5da138754db8ce0c98bca82f,5dd66c8a9191710006b56341,19,3.169720419468046,4.937300511605552,279.9986692095949,300.1893551640099
