site_id,floor,n_points,selected_mae,oracle_mae_at_1,oracle_mae_at_5,oracle_mae_at_10,oracle_mae_at_20,oracle_mae_at_50,recall_at_1_3m,recall_at_5_3m,recall_at_10_3m,recall_at_20_3m,recall_at_50_3m,recall_at_1_5m,recall_at_5_5m,recall_at_10_5m,recall_at_20_5m,recall_at_50_5m,selected_minus_oracle_at_20,selected_minus_oracle_at_50
5cd56ba0e2acfd2d33b600ed,F2,9,20.977793874219344,15.072219149061223,13.234512646440287,13.234512646440287,13.234512646440287,13.234512646440287,0.4444444444444444,0.4444444444444444,0.4444444444444444,0.4444444444444444,0.4444444444444444,0.4444444444444444,0.4444444444444444,0.4444444444444444,0.4444444444444444,0.4444444444444444,7.7432812277790575,7.7432812277790575
