site_id,floor,n_points,selected_mae,oracle_mae_at_1,oracle_mae_at_5,oracle_mae_at_10,oracle_mae_at_20,oracle_mae_at_50,recall_at_1_3m,recall_at_5_3m,recall_at_10_3m,recall_at_20_3m,recall_at_50_3m,recall_at_1_5m,recall_at_5_5m,recall_at_10_5m,recall_at_20_5m,recall_at_50_5m,selected_minus_oracle_at_20,selected_minus_oracle_at_50
5d27099f03f801723c32511d,F3,3,14.590769468208975,16.36975476790118,12.655289917458965,4.472714744690246,2.544341685344726,0.02557316468018545,0.0,0.0,0.6666666666666666,0.6666666666666666,1.0,0.0,0.0,0.6666666666666666,0.6666666666666666,1.0,12.04642778286425,14.56519630352879
5da138754db8ce0c98bca82f,F1,20,10.24871655211599,9.707006464870613,4.650711028788718,4.154243877569704,3.739485360968378,1.2801091466492633,0.25,0.8,0.8,0.8,0.8,0.45,0.9,0.9,0.9,0.9,6.509231191147612,8.968607405466727
5da1383b4db8ce0c98bc11ab,F1,31,8.84907853476602,9.214940847201952,4.300777006049864,1.3154249593907879,0.18703595442129808,0.18703595442129808,0.03225806451612903,0.41935483870967744,0.8064516129032258,0.967741935483871,0.967741935483871,0.12903225806451613,0.6129032258064516,0.8387096774193549,1.0,1.0,8.662042580344723,8.662042580344723
5da138364db8ce0c98bc00f1,F3,3,3.6404221163250696,4.314037516837182,2.142256323785637,0.9580823387174121,0.9580823387174121,0.9580823387174121,0.3333333333333333,0.6666666666666666,1.0,1.0,1.0,0.6666666666666666,1.0,1.0,1.0,1.0,2.6823397776076576,2.6823397776076576
5da138274db8ce0c98bbd3d2,F1,2,2.8780991640995612,2.4806498421832126,0.03249816379549447,0.03249816379549447,0.03249816379549447,0.03249816379549447,0.5,1.0,1.0,1.0,1.0,1.0,1.0,1.0,1.0,1.0,2.845601000304067,2.845601000304067
