site_id,path_id,floor,n_points,mean_shift_x_m,mean_shift_y_m,mean_shift_mag_m,original_mae_m,path_shift_oracle_mae_m,path_shift_oracle_gain_m,original_sum_excess_over_4m,shifted_sum_excess_over_4m,diagnostic_only
5da1383b4db8ce0c98bc11ab,5dd374ae44333f00067aa196,F1,31,-5.213359713645504,-2.2995125564413508,5.697971349620263,8.84907853476602,6.515125277340384,2.3339532574256365,152.46323197959182,97.25600619932402,True
5da138274db8ce0c98bbd3d2,5dc65d451cda3700060305be,F1,2,-2.2861608618027134,1.469701273553504,2.7178214289248874,2.8780991640995612,1.5697487299882475,1.3083504341113137,0.12998158526876225,0.0,True
5da138364db8ce0c98bc00f1,5dce63105516ad00065f0280,F3,3,0.9432830475787384,2.031421999393771,2.2397451300249362,3.6404221163250696,3.4683483001341675,0.17207381619090212,2.090085590843726,0.0,True
5da138754db8ce0c98bca82f,5dd0e5dd878f3300066c7644,F1,20,-6.973838352759346,-0.7365282581451101,7.012623991450237,10.24871655211599,10.293328151032147,-0.04461159891615729,133.19553414326725,131.59812508530405,True
5d27099f03f801723c32511d,5dce818894e4900006125129,F3,3,-1.1312143501341627,-4.117902342727146,4.270452623573663,14.590769468208975,15.06224745842554,-0.4714779902165649,31.772308404626934,33.18674237527662,True
