{
  "n_legs": 20964,
  "v3_mae_m": 2.065458138233192,
  "pdr_mae_m": 3.3526968838240525,
  "ensemble_mae_m": 2.21576658488251,
  "v3_weight": 0.67,
  "pdr_weight": 0.33
}