{
  "status": "ok",
  "version": "v006_rank1_risk_signal_probe",
  "diagnostic_only": true,
  "target_mae_m": 4.0,
  "n_groups": 59,
  "split_type": "leave_one_path_id_out",
  "policy_feature_columns": [
    "rank1_source_wifi_best_rank",
    "rank1_source_wifi_top3_rank",
    "rank1_wifi_knn_rank",
    "rank1_wifi_weighted_rank",
    "rank1_geometry_distance_rank",
    "rank1_temporal_smoothness_rank",
    "rank1_signal_support_count",
    "rank1_risk_score",
    "predicted_score_margin",
    "source_wifi_best_score_margin",
    "temporal_smoothness_margin_m",
    "selected_rank"
  ],
  "forbidden_policy_columns": [
    "group_oracle_distance_at_topk",
    "gt_x",
    "gt_y",
    "label_distance_m",
    "oracle50_gt_distance_m",
    "rank1_gt_distance_m",
    "selected_gt_distance_m"
  ],
  "baselines": {
    "rank1_mae_m": 9.268067323716174,
    "always_rerank_mae_m": 7.524908431950882,
    "score_margin_positive_mae_m": 7.524908431950882,
    "oracle50_mae_m": 0.5833264467428692,
    "v005_best_submission_safe_mae_m": 7.524908431950882
  },
  "best_policy": {
    "n_groups": 59,
    "selected_mae": 7.524908431950882,
    "hit@3": 0.288135593220339,
    "hit@5": 0.4576271186440678,
    "improvement_vs_rank1": 1.743158891765292,
    "gap_to_oracle": 6.941581985208013,
    "rerank_usage_rate": 0.7457627118644068,
    "sum_excess_over_4m": 274.8323819778924,
    "rank1_good_rerank_bad_count": 2,
    "policy": "score_margin_positive",
    "bad_fold_regression_count": 1
  },
  "policies": [
    {
      "n_groups": 59,
      "selected_mae": 7.524908431950882,
      "hit@3": 0.288135593220339,
      "hit@5": 0.4576271186440678,
      "improvement_vs_rank1": 1.743158891765292,
      "gap_to_oracle": 6.941581985208013,
      "rerank_usage_rate": 0.7457627118644068,
      "sum_excess_over_4m": 274.8323819778924,
      "rank1_good_rerank_bad_count": 2,
      "policy": "score_margin_positive",
      "bad_fold_regression_count": 1
    },
    {
      "n_groups": 59,
      "selected_mae": 7.524908431950882,
      "hit@3": 0.288135593220339,
      "hit@5": 0.4576271186440678,
      "improvement_vs_rank1": 1.743158891765292,
      "gap_to_oracle": 6.941581985208013,
      "rerank_usage_rate": 0.8983050847457628,
      "sum_excess_over_4m": 274.8323819778924,
      "rank1_good_rerank_bad_count": 2,
      "policy": "rank1_risk_ge_1",
      "bad_fold_regression_count": 1
    },
    {
      "n_groups": 59,
      "selected_mae": 7.524908431950882,
      "hit@3": 0.288135593220339,
      "hit@5": 0.4576271186440678,
      "improvement_vs_rank1": 1.743158891765292,
      "gap_to_oracle": 6.941581985208013,
      "rerank_usage_rate": 1.0,
      "sum_excess_over_4m": 274.8323819778924,
      "rank1_good_rerank_bad_count": 2,
      "policy": "always_rerank",
      "bad_fold_regression_count": 1
    },
    {
      "n_groups": 59,
      "selected_mae": 7.656469193417055,
      "hit@3": 0.2542372881355932,
      "hit@5": 0.423728813559322,
      "improvement_vs_rank1": 1.611598130299119,
      "gap_to_oracle": 7.073142746674186,
      "rerank_usage_rate": 0.7966101694915254,
      "sum_excess_over_4m": 274.7022320695107,
      "rank1_good_rerank_bad_count": 2,
      "policy": "rank1_risk_ge_2",
      "bad_fold_regression_count": 1
    },
    {
      "n_groups": 59,
      "selected_mae": 7.938353415755399,
      "hit@3": 0.23728813559322035,
      "hit@5": 0.4067796610169492,
      "improvement_vs_rank1": 1.329713907960775,
      "gap_to_oracle": 7.35502696901253,
      "rerank_usage_rate": 0.6440677966101694,
      "sum_excess_over_4m": 287.3754713339548,
      "rank1_good_rerank_bad_count": 2,
      "policy": "rerank_confidence_consensus",
      "bad_fold_regression_count": 1
    },
    {
      "n_groups": 59,
      "selected_mae": 7.938353415755399,
      "hit@3": 0.23728813559322035,
      "hit@5": 0.4067796610169492,
      "improvement_vs_rank1": 1.329713907960775,
      "gap_to_oracle": 7.35502696901253,
      "rerank_usage_rate": 0.6440677966101694,
      "sum_excess_over_4m": 287.3754713339548,
      "rank1_good_rerank_bad_count": 2,
      "policy": "risk_ge_3_and_score_margin_positive",
      "bad_fold_regression_count": 1
    },
    {
      "n_groups": 59,
      "selected_mae": 7.938353415755399,
      "hit@3": 0.23728813559322035,
      "hit@5": 0.4067796610169492,
      "improvement_vs_rank1": 1.329713907960775,
      "gap_to_oracle": 7.35502696901253,
      "rerank_usage_rate": 0.7288135593220338,
      "sum_excess_over_4m": 287.3754713339548,
      "rank1_good_rerank_bad_count": 2,
      "policy": "rank1_risk_ge_3",
      "bad_fold_regression_count": 1
    },
    {
      "n_groups": 59,
      "selected_mae": 8.055353425995445,
      "hit@3": 0.2542372881355932,
      "hit@5": 0.4067796610169492,
      "improvement_vs_rank1": 1.2127138977207288,
      "gap_to_oracle": 7.472026979252576,
      "rerank_usage_rate": 0.5932203389830508,
      "sum_excess_over_4m": 295.85771080473404,
      "rank1_good_rerank_bad_count": 1,
      "policy": "risk_ge_3_rank_le_10_score_margin_positive",
      "bad_fold_regression_count": 0
    },
    {
      "n_groups": 59,
      "selected_mae": 8.080902072011584,
      "hit@3": 0.2542372881355932,
      "hit@5": 0.423728813559322,
      "improvement_vs_rank1": 1.1871652517045899,
      "gap_to_oracle": 7.497575625268715,
      "rerank_usage_rate": 0.8305084745762712,
      "sum_excess_over_4m": 299.73116588527245,
      "rank1_good_rerank_bad_count": 1,
      "policy": "rank1_consensus_guard",
      "bad_fold_regression_count": 1
    },
    {
      "n_groups": 59,
      "selected_mae": 8.220622690621038,
      "hit@3": 0.23728813559322035,
      "hit@5": 0.4067796610169492,
      "improvement_vs_rank1": 1.047444633095136,
      "gap_to_oracle": 7.637296243878169,
      "rerank_usage_rate": 0.5423728813559322,
      "sum_excess_over_4m": 305.9415656166636,
      "rank1_good_rerank_bad_count": 1,
      "policy": "rank1_risk_ge_4",
      "bad_fold_regression_count": 1
    },
    {
      "n_groups": 59,
      "selected_mae": 8.394116612988084,
      "hit@3": 0.22033898305084745,
      "hit@5": 0.3898305084745763,
      "improvement_vs_rank1": 0.8739507107280904,
      "gap_to_oracle": 7.810790166245215,
      "rerank_usage_rate": 0.4745762711864407,
      "sum_excess_over_4m": 312.22710595331137,
      "rank1_good_rerank_bad_count": 1,
      "policy": "wifi_disagreement_and_score_margin_positive",
      "bad_fold_regression_count": 1
    },
    {
      "n_groups": 59,
      "selected_mae": 8.53373620297784,
      "hit@3": 0.22033898305084745,
      "hit@5": 0.3728813559322034,
      "improvement_vs_rank1": 0.7343311207383341,
      "gap_to_oracle": 7.950409756234971,
      "rerank_usage_rate": 0.423728813559322,
      "sum_excess_over_4m": 320.1008411719497,
      "rank1_good_rerank_bad_count": 1,
      "policy": "rank1_risk_ge_5",
      "bad_fold_regression_count": 1
    },
    {
      "n_groups": 59,
      "selected_mae": 9.268067323716174,
      "hit@3": 0.13559322033898305,
      "hit@5": 0.288135593220339,
      "improvement_vs_rank1": 0.0,
      "gap_to_oracle": 8.684740876973304,
      "rerank_usage_rate": 0.0,
      "sum_excess_over_4m": 340.48795710118475,
      "rank1_good_rerank_bad_count": 0,
      "policy": "always_rank1",
      "bad_fold_regression_count": 0
    }
  ],
  "next_recommendation": {
    "version": "v007_candidate_context_expansion",
    "reason": "Current rank1 risk signal does not beat v005 safely; create stronger candidate/path context."
  },
  "leakage_notes": [
    "Policy features are inference-time candidate and reranker confidence fields.",
    "GT, label, and oracle columns are used only after policy selection to score diagnostics.",
    "This is a 59-group CV probe and is not a direct LB expectation."
  ],
  "environment": {
    "python": "3.12.7",
    "platform": "Windows-11-10.0.26200-SP0",
    "numpy": "1.26.4",
    "pandas": "2.2.3",
    "git_commit": "a8e918d419a7ef92c48dc4672b3ea41aaa11e0fa"
  }
}