alpha,beta_1,beta_2,floor_accuracy,wifi_mae_m,beam_mae_m,beam_minus_wifi_m,n_points,trial
4.686268360946942,1.5721286105539076,0.5124545307021835,1.0,2.8881465528139074,4.213767987149922,1.3256214343360142,4,3
4.756758267057799,0.8777568795041046,3.43439167964553,1.0,2.8881465528139074,9.372786546231898,6.484639993417991,4,1
4.335524159826502,0.18835469577529906,3.9024894065470237,1.0,2.8881465528139074,9.372786546231898,6.484639993417991,4,2
