path_id,n_alignment_pairs,coefficient_a,coefficient_b,scale,rotation_rad,rotation_deg,raw_alignment_rmse_m,calibrated_alignment_rmse_m
5dc65d451cda3700060305be,1,0.9530044286112943,-0.17701362256151096,0.9693045256910177,-0.18364979996296646,-10.522358446299801,1.2303248486805691,8.881784197001252e-16
5dce63105516ad00065f0280,2,-0.03262248846475492,0.2698613299599494,0.27182598139505676,1.691098699659527,96.89281823055248,9.694411729285935,6.8741573713548165
5dce818894e4900006125129,2,0.15754864921813666,-0.18407842759533524,0.24229412782077603,-0.8628997488742579,-49.44051375339359,4.74374402595237,0.4582623936504428
5dd0e5dd878f3300066c7644,19,0.7753242006598429,-0.3058677240942788,0.8334762628722177,-0.3757586212327986,-21.52938311229424,15.051989221891885,14.844491364097248
5dd374ae44333f00067aa196,30,1.045419350964521,0.05757939567642045,1.0470038233824852,0.05502220499250604,3.1525401255742436,7.179684727507627,7.16068926937205
