site_id,path_id,n_points,grid_dist_mean_m,grid_dist_p90_m,wifi_err_sum_m,beam_err_sum_m
5da1383b4db8ce0c98bc11ab,5dd5290c50e04e0006f5651e,8,4.530200811795334,8.217440002130635,134.0642858904253,110.9090062168581
5da138754db8ce0c98bca82f,5dd0e4a794e4900006125eea,5,0.8614053329267062,1.2054036148274996,20.713995954609395,17.229517328632497
